name,dataset,nGen,Npos-Nneg/Ntotal,XS,weight,boosted_dataset,globalTag,isData,generator,additionalSelection,run
,,,,,,,,,,,
ttHTobb_M125_TuneCP5_13TeV-powheg-pythia8,/ttHTobb_M125_TuneCP5_13TeV-powheg-pythia8/RunIIFall17MiniAODv2-PU2017_12Apr2018_94X_mc2017_realistic_v14-v1/MINIAODSIM,8000000,0.527311637433,0.2953,7.00012997621E-05,/ttHTobb_M125_TuneCP5_13TeV-powheg-pythia8/mwassmer-KIT_tthbb_sl_skims_MC_94X-89d803256191092beb2b5f9476740fe1/USER,94X_mc2017_realistic_v17,FALSE,POWHEG,NONE,2017
ttHToNonbb_M125_TuneCP5_13TeV-powheg-pythia8,/ttHToNonbb_M125_TuneCP5_13TeV-powheg-pythia8/RunIIFall17MiniAODv2-PU2017_12Apr2018_94X_mc2017_realistic_v14-v1/MINIAODSIM,7669336,0.562816607786,0.2118,4.90683310326E-05,/ttHToNonbb_M125_TuneCP5_13TeV-powheg-pythia8/mwassmer-KIT_tthbb_sl_skims_MC_94X-89d803256191092beb2b5f9476740fe1/USER,94X_mc2017_realistic_v17,FALSE,POWHEG,NONE,2017
ttHToNonbb_M125_TuneCP5_13TeV-powheg-pythia8_v2,/ttHToNonbb_M125_TuneCP5_13TeV-powheg-pythia8/RunIIFall17MiniAODv2-PU2017_12Apr2018_94X_mc2017_realistic_v14_ext1-v2/MINIAODSIM,5499293,0.56298804334,0.2118,6.84100526995E-05,,94X_mc2017_realistic_v17,FALSE,POWHEG,NONE,2017
ttHTobb_ttToSemiLep_M125_TuneCP5_13TeV-powheg-pythia8,/ttHTobb_ttToSemiLep_M125_TuneCP5_13TeV-powheg-pythia8/RunIIFall17MiniAODv2-PU2017_12Apr2018_94X_mc2017_realistic_v14-v1/MINIAODSIM,9332943,0.237305804898,0.1297,5.85616090185E-05,,94X_mc2017_realistic_v17,FALSE,POWHEG,NONE,2017
ttHTobb_ttTo2L2Nu_M125_TuneCP5_13TeV-powheg-pythia8,/ttHTobb_ttTo2L2Nu_M125_TuneCP5_13TeV-powheg-pythia8/RunIIFall17MiniAODv2-PU2017_12Apr2018_94X_mc2017_realistic_v14-v1/MINIAODSIM,9794620,0.0568296560871,0.0313,5.62317653798E-05,,94X_mc2017_realistic_v17,FALSE,POWHEG,NONE,2017
,,,,,,,,,,,
TTToSemiLeptonic_TuneCP5_PSweights_13TeV-powheg-pythia8_v2,/TTToSemiLeptonic_TuneCP5_PSweights_13TeV-powheg-pythia8/RunIIFall17MiniAODv2-PU2017_12Apr2018_94X_mc2017_realistic_v14-v2/MINIAODSIM,110014744,300.770043012,365.46,1.10447115851E-05,/TTToSemiLeptonic_TuneCP5_PSweights_13TeV-powheg-pythia8/mwassmer-KIT_tthbb_sl_skims_MC_v2_94X-89d803256191092beb2b5f9476740fe1/USER,94X_mc2017_realistic_v17,FALSE,POWHEG,NONE,2017
TTToSemiLeptonic_TuneCP5_13TeV-powheg-pythia8_new_pmx,/TTToSemiLeptonic_TuneCP5_13TeV-powheg-pythia8/RunIIFall17MiniAODv2-PU2017_12Apr2018_new_pmx_94X_mc2017_realistic_v14-v1/MINIAODSIM,43732445,300.737892932,365.46,2.77874016558E-05,/TTToSemiLeptonic_TuneCP5_13TeV-powheg-pythia8/mwassmer-KIT_tthbb_sl_skims_MC_new_pmx_94X-89d803256191092beb2b5f9476740fe1/USER,94X_mc2017_realistic_v17,FALSE,POWHEG,NONE,2017
TTToSemiLeptonic_TuneCP5_13TeV-powheg-pythia8_v2,/TTToSemiLeptonic_TuneCP5_13TeV-powheg-pythia8/RunIIFall17MiniAODv2-PU2017_12Apr2018_94X_mc2017_realistic_v14-v2/MINIAODSIM,41221873,300.6937087,365.46,2.94840940129E-05,/TTToSemiLeptonic_TuneCP5_13TeV-powheg-pythia8/mwassmer-KIT_tthbb_sl_skims_MC_94X-89d803256191092beb2b5f9476740fe1/USER,94X_mc2017_realistic_v17,FALSE,POWHEG,NONE,2017
,,,,,,,,,,,
TTToSemiLeptonic_TuneCP5up_PSweights_13TeV-powheg-pythia8_new_pmx_v2,/TTToSemiLeptonic_TuneCP5up_PSweights_13TeV-powheg-pythia8/RunIIFall17MiniAODv2-PU2017_12Apr2018_new_pmx_94X_mc2017_realistic_v14-v2/MINIAODSIM,20122010,300.768368381,365.46,6.03860092987E-05,/TTToSemiLeptonic_TuneCP5up_PSweights_13TeV-powheg-pythia8/mwassmer-KIT_tthbb_sl_skims_MC_new_pmx_94X-89d803256191092beb2b5f9476740fe1/USER,94X_mc2017_realistic_v17,FALSE,POWHEG,NONE,2017
TTToSemiLeptonic_TuneCP5up_PSweights_13TeV-powheg-pythia8,/TTToSemiLeptonic_TuneCP5up_PSweights_13TeV-powheg-pythia8/RunIIFall17MiniAODv2-PU2017_12Apr2018_94X_mc2017_realistic_v14-v1/MINIAODSIM,26166070,300.655815597,365.46,4.64549227428E-05,/TTToSemiLeptonic_TuneCP5up_PSweights_13TeV-powheg-pythia8/mwassmer-KIT_tthbb_sl_skims_MC_94X-89d803256191092beb2b5f9476740fe1/USER,94X_mc2017_realistic_v17,FALSE,POWHEG,NONE,2017
TTToSemiLeptonic_TuneCP5down_PSweights_13TeV-powheg-pythia8,/TTToSemiLeptonic_TuneCP5down_PSweights_13TeV-powheg-pythia8/RunIIFall17MiniAODv2-PU2017_12Apr2018_94X_mc2017_realistic_v14-v1/MINIAODSIM,27104055,300.704921483,365.46,4.48399421811E-05,/TTToSemiLeptonic_TuneCP5down_PSweights_13TeV-powheg-pythia8/mwassmer-KIT_tthbb_sl_skims_MC_94X-89d803256191092beb2b5f9476740fe1/USER,94X_mc2017_realistic_v17,FALSE,POWHEG,NONE,2017
,,,,,,,,,,,
TTToSemiLeptonic_hdampUP_TuneCP5_PSweights_13TeV-powheg-pythia8,/TTToSemiLeptonic_hdampUP_TuneCP5_PSweights_13TeV-powheg-pythia8/RunIIFall17MiniAODv2-PU2017_12Apr2018_94X_mc2017_realistic_v14-v1/MINIAODSIM,27191508,300.691014722,365.46,4.46977956481E-05,/TTToSemiLeptonic_hdampUP_TuneCP5_PSweights_13TeV-powheg-pythia8/mwassmer-KIT_tthbb_sl_skims_MC_94X-89d803256191092beb2b5f9476740fe1/USER,94X_mc2017_realistic_v17,FALSE,POWHEG,NONE,2017
TTToSemiLeptonic_hdampUP_TuneCP5_PSweights_13TeV-powheg-pythia8_new_pmx_v2,/TTToSemiLeptonic_hdampUP_TuneCP5_PSweights_13TeV-powheg-pythia8/RunIIFall17MiniAODv2-PU2017_12Apr2018_new_pmx_94X_mc2017_realistic_v14-v2/MINIAODSIM,23977012,300.659594423,365.46,5.06955363261E-05,/TTToSemiLeptonic_hdampUP_TuneCP5_PSweights_13TeV-powheg-pythia8/mwassmer-KIT_tthbb_sl_skims_MC_v2_94X-89d803256191092beb2b5f9476740fe1/USER,94X_mc2017_realistic_v17,FALSE,POWHEG,NONE,2017
TTToSemiLeptonic_hdampDOWN_TuneCP5_PSweights_13TeV-powheg-pythia8,/TTToSemiLeptonic_hdampDOWN_TuneCP5_PSweights_13TeV-powheg-pythia8/RunIIFall17MiniAODv2-PU2017_12Apr2018_94X_mc2017_realistic_v14-v1/MINIAODSIM,26367765,300.780738643,365.46,4.60804285019E-05,/TTToSemiLeptonic_hdampDOWN_TuneCP5_PSweights_13TeV-powheg-pythia8/mwassmer-KIT_tthbb_sl_skims_MC_94X-89d803256191092beb2b5f9476740fe1/USER,94X_mc2017_realistic_v17,FALSE,POWHEG,NONE,2017
,,,,,,,,,,,
,,,,,,,,,,,
#TTToSemiLeptonic_mtop171p5_TuneCP5_PSweights_13TeV-powheg-pythia8,/TTToSemiLeptonic_mtop171p5_TuneCP5_PSweights_13TeV-powheg-pythia8/RunIIFall17MiniAODv2-PU2017_12Apr2018_94X_mc2017_realistic_v14-v1/MINIAODSIM,24423205,309.315206335,365.46,4.83766648332E-05,,94X_mc2017_realistic_v17,FALSE,POWHEG,NONE,2017
#TTToSemiLeptonic_mtop175p5_TuneCP5_PSweights_13TeV-powheg-pythia8,/TTToSemiLeptonic_mtop175p5_TuneCP5_PSweights_13TeV-powheg-pythia8/RunIIFall17MiniAODv2-PU2017_12Apr2018_94X_mc2017_realistic_v14-v1/MINIAODSIM,19774236,277.490409601,365.46,6.66027496146E-05,,94X_mc2017_realistic_v17,FALSE,POWHEG,NONE,2017
#TTToSemiLeptonic_mtop178p5_TuneCP5_13TeV-powheg-pythia8,/TTToSemiLeptonic_mtop178p5_TuneCP5_13TeV-powheg-pythia8/RunIIFall17MiniAODv2-PU2017_12Apr2018_94X_mc2017_realistic_v14-v1/MINIAODSIM,9962991,255.916053025,365.46,0.000143335109601,,94X_mc2017_realistic_v17,FALSE,POWHEG,NONE,2017
#TTToSemiLeptonic_mtop169p5_TuneCP5_PSweights_13TeV-powheg-pythia8,/TTToSemiLeptonic_mtop169p5_TuneCP5_PSweights_13TeV-powheg-pythia8/RunIIFall17MiniAODv2-PU2017_12Apr2018_94X_mc2017_realistic_v14-v1/MINIAODSIM,19908892,326.85733898,365.46,5.61609594327E-05,,94X_mc2017_realistic_v17,FALSE,POWHEG,NONE,2017
#TTToSemiLeptonic_mtop178p5_TuneCP5_PSweights_13TeV-powheg-pythia8,/TTToSemiLeptonic_mtop178p5_TuneCP5_PSweights_13TeV-powheg-pythia8/RunIIFall17MiniAODv2-PU2017_12Apr2018_94X_mc2017_realistic_v14-v1/MINIAODSIM,9605841,255.92559272,365.46,0.000148658839567,,94X_mc2017_realistic_v17,FALSE,POWHEG,NONE,2017
#TTToSemiLeptonic_mtop166p5_TuneCP5_13TeV-powheg-pythia8,/TTToSemiLeptonic_mtop166p5_TuneCP5_13TeV-powheg-pythia8/RunIIFall17MiniAODv2-PU2017_12Apr2018_94X_mc2017_realistic_v14-v1/MINIAODSIM,9626901,355.102291326,365.46,0.000106905455814,,94X_mc2017_realistic_v17,FALSE,POWHEG,NONE,2017
#TTToSemiLeptonic_mtop166p5_TuneCP5_PSweights_13TeV-powheg-pythia8,/TTToSemiLeptonic_mtop166p5_TuneCP5_PSweights_13TeV-powheg-pythia8/RunIIFall17MiniAODv2-PU2017_12Apr2018_94X_mc2017_realistic_v14-v1/MINIAODSIM,9746574,355.047157493,365.46,0.000105609217644,,94X_mc2017_realistic_v17,FALSE,POWHEG,NONE,2017
#TTToSemiLeptonic_mtop169p5_TuneCP5_PSweights_13TeV-powheg-pythia8_new_pmx,/TTToSemiLeptonic_mtop169p5_TuneCP5_PSweights_13TeV-powheg-pythia8/RunIIFall17MiniAODv2-PU2017_12Apr2018_new_pmx_94X_mc2017_realistic_v14-v1/MINIAODSIM,18802372,326.991829143,365.46,5.94415750207E-05,,94X_mc2017_realistic_v17,FALSE,POWHEG,NONE,2017
#TTToSemiLeptonic_mtop166p5_TuneCP5_PSweights_13TeV-powheg-pythia8_v2,/TTToSemiLeptonic_mtop166p5_TuneCP5_PSweights_13TeV-powheg-pythia8/RunIIFall17MiniAODv2-PU2017_12Apr2018_94X_mc2017_realistic_v14-v2/MINIAODSIM,9553066,354.921040814,365.46,0.000107786737104,,94X_mc2017_realistic_v17,FALSE,POWHEG,NONE,2017
#TTToSemiLeptonic_mtop175p5_TuneCP5_PSweights_13TeV-powheg-pythia8_new_pmx_v2,/TTToSemiLeptonic_mtop175p5_TuneCP5_PSweights_13TeV-powheg-pythia8/RunIIFall17MiniAODv2-PU2017_12Apr2018_new_pmx_94X_mc2017_realistic_v14-v2/MINIAODSIM,18651748,277.353612038,365.46,7.0645822298E-05,,94X_mc2017_realistic_v17,FALSE,POWHEG,NONE,2017
#TTToSemiLeptonic_mtop178p5_TuneCP5_PSweights_13TeV-powheg-pythia8_new_pmx_v2,/TTToSemiLeptonic_mtop178p5_TuneCP5_PSweights_13TeV-powheg-pythia8/RunIIFall17MiniAODv2-PU2017_12Apr2018_new_pmx_94X_mc2017_realistic_v14-v2/MINIAODSIM,9986177,255.810094775,365.46,0.000143061545304,,94X_mc2017_realistic_v17,FALSE,POWHEG,NONE,2017
#TTToSemiLeptonic_mtop178p5_TuneCP5_13TeV-powheg-pythia8_new_pmx_v2,/TTToSemiLeptonic_mtop178p5_TuneCP5_13TeV-powheg-pythia8/RunIIFall17MiniAODv2-PU2017_12Apr2018_new_pmx_94X_mc2017_realistic_v14-v2/MINIAODSIM,9895825,255.874963578,365.46,0.000144331142523,,94X_mc2017_realistic_v17,FALSE,POWHEG,NONE,2017
#TTToSemiLeptonic_mtop173p5_TuneCP5_PSweights_13TeV-powheg-pythia8,/TTToSemiLeptonic_mtop173p5_TuneCP5_PSweights_13TeV-powheg-pythia8/RunIIFall17MiniAODv2-PU2017_12Apr2018_94X_mc2017_realistic_v14-v1/MINIAODSIM,22528538,292.657907307,365.46,5.54302169258E-05,,94X_mc2017_realistic_v17,FALSE,POWHEG,NONE,2017
#TTToSemiLeptonic_mtop171p5_TuneCP5_PSweights_13TeV-powheg-pythia8_new_pmx_v2,/TTToSemiLeptonic_mtop171p5_TuneCP5_PSweights_13TeV-powheg-pythia8/RunIIFall17MiniAODv2-PU2017_12Apr2018_new_pmx_94X_mc2017_realistic_v14-v2/MINIAODSIM,25000000,309.352679454,365.46,4.72548032421E-05,,94X_mc2017_realistic_v17,FALSE,POWHEG,NONE,2017
#TTToSemiLeptonic_mtop166p5_TuneCP5_13TeV-powheg-pythia8_new_pmx_v2,/TTToSemiLeptonic_mtop166p5_TuneCP5_13TeV-powheg-pythia8/RunIIFall17MiniAODv2-PU2017_12Apr2018_new_pmx_94X_mc2017_realistic_v14-v2/MINIAODSIM,9940122,355.174701895,365.46,0.000103515673123,,94X_mc2017_realistic_v17,FALSE,POWHEG,NONE,2017
,,,,,,,,,,,
#TTToSemiLeptonic_widthx1p15_TuneCP5_13TeV-powheg-pythia8,/TTToSemiLeptonic_widthx1p15_TuneCP5_13TeV-powheg-pythia8/RunIIFall17MiniAODv2-PU2017_12Apr2018_94X_mc2017_realistic_v14-v1/MINIAODSIM,19748541,300.706197006,365.46,6.15407033805E-05,,94X_mc2017_realistic_v17,FALSE,POWHEG,NONE,2017
#TTToSemiLeptonic_widthx1p3_TuneCP5_13TeV-powheg-pythia8,/TTToSemiLeptonic_widthx1p3_TuneCP5_13TeV-powheg-pythia8/RunIIFall17MiniAODv2-PU2017_12Apr2018_94X_mc2017_realistic_v14-v1/MINIAODSIM,19967851,300.807329727,365.46,6.08443292988E-05,,94X_mc2017_realistic_v17,FALSE,POWHEG,NONE,2017
#TTToSemiLeptonic_widthx1p15_TuneCP5_13TeV-powheg-pythia8_new_pmx,/TTToSemiLeptonic_widthx1p15_TuneCP5_13TeV-powheg-pythia8/RunIIFall17MiniAODv2-PU2017_12Apr2018_new_pmx_94X_mc2017_realistic_v14-v1/MINIAODSIM,18513000,300.64939777,365.46,6.56602769932E-05,,94X_mc2017_realistic_v17,FALSE,POWHEG,NONE,2017
#TTToSemiLeptonic_widthx0p85_TuneCP5_13TeV-powheg-pythia8,/TTToSemiLeptonic_widthx0p85_TuneCP5_13TeV-powheg-pythia8/RunIIFall17MiniAODv2-PU2017_12Apr2018_94X_mc2017_realistic_v14-v1/MINIAODSIM,18499000,300.874691176,365.46,6.56607652541E-05,,94X_mc2017_realistic_v17,FALSE,POWHEG,NONE,2017
#TTToSemiLeptonic_widthx0p7_TuneCP5_13TeV-powheg-pythia8_new_pmx,/TTToSemiLeptonic_widthx0p7_TuneCP5_13TeV-powheg-pythia8/RunIIFall17MiniAODv2-PU2017_12Apr2018_new_pmx_94X_mc2017_realistic_v14-v1/MINIAODSIM,19983000,300.652519573,365.46,6.08295093933E-05,,94X_mc2017_realistic_v17,FALSE,POWHEG,NONE,2017
#TTToSemiLeptonic_widthx1p3_TuneCP5_13TeV-powheg-pythia8_new_pmx,/TTToSemiLeptonic_widthx1p3_TuneCP5_13TeV-powheg-pythia8/RunIIFall17MiniAODv2-PU2017_12Apr2018_new_pmx_94X_mc2017_realistic_v14-v1/MINIAODSIM,17719000,300.634516871,365.46,6.86059527379E-05,,94X_mc2017_realistic_v17,FALSE,POWHEG,NONE,2017
#TTToSemiLeptonic_TuneCP5_erdON_13TeV-powheg-pythia8,/TTToSemiLeptonic_TuneCP5_erdON_13TeV-powheg-pythia8/RunIIFall17MiniAODv2-PU2017_12Apr2018_94X_mc2017_realistic_v14-v1/MINIAODSIM,9117000,300.665600417,365.46,0.000133322716011,,94X_mc2017_realistic_v17,FALSE,POWHEG,NONE,2017
,,,,,,,,,,,
TTTo2L2Nu_TuneCP5_13TeV-powheg-pythia8,/TTTo2L2Nu_TuneCP5_13TeV-powheg-pythia8/RunIIFall17MiniAODv2-PU2017_12Apr2018_94X_mc2017_realistic_v14-v1/MINIAODSIM,8705576,72.0922672084,88.34,0.000140757388248,/TTTo2L2Nu_TuneCP5_13TeV-powheg-pythia8/mwassmer-KIT_tthbb_sl_skims_MC_94X-89d803256191092beb2b5f9476740fe1/USER,94X_mc2017_realistic_v17,FALSE,POWHEG,NONE,2017
TTTo2L2Nu_TuneCP5_PSweights_13TeV-powheg-pythia8,/TTTo2L2Nu_TuneCP5_PSweights_13TeV-powheg-pythia8/RunIIFall17MiniAODv2-PU2017_12Apr2018_94X_mc2017_realistic_v14-v1/MINIAODSIM,66979742,72.094257864,88.34,1.82941926846E-05,/TTTo2L2Nu_TuneCP5_PSweights_13TeV-powheg-pythia8/mwassmer-KIT_tthbb_sl_skims_MC_94X-89d803256191092beb2b5f9476740fe1/USER,94X_mc2017_realistic_v17,FALSE,POWHEG,NONE,2017
,,,,,,,,,,,
TTTo2L2Nu_TuneCP5_13TeV-powheg-pythia8_v2,/TTTo2L2Nu_TuneCP5_13TeV-powheg-pythia8/RunIIFall17MiniAODv2-PU2017_12Apr2018_94X_mc2017_realistic_v14-v2/MINIAODSIM,960752,72.1143419925,88.34,0.00127504188803,,94X_mc2017_realistic_v17,FALSE,POWHEG,NONE,2017
TTTo2L2Nu_TuneCP5up_PSweights_13TeV-powheg-pythia8,/TTTo2L2Nu_TuneCP5up_PSweights_13TeV-powheg-pythia8/RunIIFall17MiniAODv2-PU2017_12Apr2018_94X_mc2017_realistic_v14-v1/MINIAODSIM,5500000,72.1150262703,88.34,0.00022272498552,/TTTo2L2Nu_TuneCP5up_PSweights_13TeV-powheg-pythia8/mwassmer-KIT_tthbb_sl_skims_MC_94X-89d803256191092beb2b5f9476740fe1/USER,94X_mc2017_realistic_v17,FALSE,POWHEG,NONE,2017
TTTo2L2Nu_TuneCP5down_PSweights_13TeV-powheg-pythia8,/TTTo2L2Nu_TuneCP5down_PSweights_13TeV-powheg-pythia8/RunIIFall17MiniAODv2-PU2017_12Apr2018_94X_mc2017_realistic_v14-v1/MINIAODSIM,5475200,72.1234428571,88.34,0.000223707712603,/TTTo2L2Nu_TuneCP5down_PSweights_13TeV-powheg-pythia8/mwassmer-KIT_tthbb_sl_skims_MC_94X-89d803256191092beb2b5f9476740fe1/USER,94X_mc2017_realistic_v17,FALSE,POWHEG,NONE,2017
TTTo2L2Nu_hdampUP_TuneCP5_PSweights_13TeV-powheg-pythia8,/TTTo2L2Nu_hdampUP_TuneCP5_PSweights_13TeV-powheg-pythia8/RunIIFall17MiniAODv2-PU2017_12Apr2018_94X_mc2017_realistic_v14-v1/MINIAODSIM,5413576,72.1429945844,88.34,0.000226192911789,/TTTo2L2Nu_hdampUP_TuneCP5_PSweights_13TeV-powheg-pythia8/mwassmer-KIT_tthbb_sl_skims_MC_94X-89d803256191092beb2b5f9476740fe1/USER,94X_mc2017_realistic_v17,FALSE,POWHEG,NONE,2017
TTTo2L2Nu_hdampDOWN_TuneCP5_PSweights_13TeV-powheg-pythia8,/TTTo2L2Nu_hdampDOWN_TuneCP5_PSweights_13TeV-powheg-pythia8/RunIIFall17MiniAODv2-PU2017_12Apr2018_94X_mc2017_realistic_v14-v1/MINIAODSIM,5336672,72.0698255736,88.34,0.000229685411996,/TTTo2L2Nu_hdampDOWN_TuneCP5_PSweights_13TeV-powheg-pythia8/mwassmer-KIT_tthbb_sl_skims_MC_94X-89d803256191092beb2b5f9476740fe1/USER,94X_mc2017_realistic_v17,FALSE,POWHEG,NONE,2017
,,,,,,,,,,,
#TTTo2L2Nu_widthx1p15_TuneCP5_13TeV-powheg-pythia8,/TTTo2L2Nu_widthx1p15_TuneCP5_13TeV-powheg-pythia8/RunIIFall17MiniAODv2-PU2017_12Apr2018_94X_mc2017_realistic_v14-v1/MINIAODSIM,4930115,72.0868879931,88.34,0.000248567341722,,94X_mc2017_realistic_v17,FALSE,POWHEG,NONE,2017
#TTTo2L2Nu_widthx1p3_TuneCP5_13TeV-powheg-pythia8,/TTTo2L2Nu_widthx1p3_TuneCP5_13TeV-powheg-pythia8/RunIIFall17MiniAODv2-PU2017_12Apr2018_94X_mc2017_realistic_v14-v1/MINIAODSIM,4942747,72.0568505955,88.34,0.000248035439353,,94X_mc2017_realistic_v17,FALSE,POWHEG,NONE,2017
#TTTo2L2Nu_widthx0p85_TuneCP5_13TeV-powheg-pythia8,/TTTo2L2Nu_widthx0p85_TuneCP5_13TeV-powheg-pythia8/RunIIFall17MiniAODv2-PU2017_12Apr2018_94X_mc2017_realistic_v14-v1/MINIAODSIM,4803115,72.0710730618,88.34,0.000255195740729,,94X_mc2017_realistic_v17,FALSE,POWHEG,NONE,2017
#TTTo2L2Nu_widthx0p7_TuneCP5_13TeV-powheg-pythia8,/TTTo2L2Nu_widthx0p7_TuneCP5_13TeV-powheg-pythia8/RunIIFall17MiniAODv2-PU2017_12Apr2018_94X_mc2017_realistic_v14-v1/MINIAODSIM,4970110,72.1305358026,88.34,0.000246417890781,,94X_mc2017_realistic_v17,FALSE,POWHEG,NONE,2017
,,,,,,,,,,,
#TTTo2L2Nu_mtop166p5_TuneCP5_PSweights_13TeV-powheg-pythia8,/TTTo2L2Nu_mtop166p5_TuneCP5_PSweights_13TeV-powheg-pythia8/RunIIFall17MiniAODv2-PU2017_12Apr2018_94X_mc2017_realistic_v14-v1/MINIAODSIM,2362858,85.3192026752,88.34,0.000438200616216,,94X_mc2017_realistic_v17,FALSE,POWHEG,NONE,2017
#TTTo2L2Nu_mtop173p5_TuneCP5_PSweights_13TeV-powheg-pythia8,/TTTo2L2Nu_mtop173p5_TuneCP5_PSweights_13TeV-powheg-pythia8/RunIIFall17MiniAODv2-PU2017_12Apr2018_94X_mc2017_realistic_v14-v1/MINIAODSIM,5807430,70.1145731133,88.34,0.000216952728796,,94X_mc2017_realistic_v17,FALSE,POWHEG,NONE,2017
#TTTo2L2Nu_mtop178p5_TuneCP5_PSweights_13TeV-powheg-pythia8,/TTTo2L2Nu_mtop178p5_TuneCP5_PSweights_13TeV-powheg-pythia8/RunIIFall17MiniAODv2-PU2017_12Apr2018_94X_mc2017_realistic_v14-v1/MINIAODSIM,2475604,61.3159165275,88.34,0.000581973212212,,94X_mc2017_realistic_v17,FALSE,POWHEG,NONE,2017
#TTTo2L2Nu_mtop175p5_TuneCP5_PSweights_13TeV-powheg-pythia8,/TTTo2L2Nu_mtop175p5_TuneCP5_PSweights_13TeV-powheg-pythia8/RunIIFall17MiniAODv2-PU2017_12Apr2018_94X_mc2017_realistic_v14-v1/MINIAODSIM,4955000,66.4401486554,88.34,0.000268338594445,,94X_mc2017_realistic_v17,FALSE,POWHEG,NONE,2017
#TTTo2L2Nu_mtop178p5_TuneCP5_13TeV-powheg-pythia8,/TTTo2L2Nu_mtop178p5_TuneCP5_13TeV-powheg-pythia8/RunIIFall17MiniAODv2-PU2017_12Apr2018_94X_mc2017_realistic_v14-v1/MINIAODSIM,2349868,61.3291887423,88.34,0.000612980568848,,94X_mc2017_realistic_v17,FALSE,POWHEG,NONE,2017
#TTTo2L2Nu_mtop166p5_TuneCP5_PSweights_13TeV-powheg-pythia8_v2,/TTTo2L2Nu_mtop166p5_TuneCP5_PSweights_13TeV-powheg-pythia8/RunIIFall17MiniAODv2-PU2017_12Apr2018_94X_mc2017_realistic_v14-v2/MINIAODSIM,2500000,85.140866358,88.34,0.000415029838332,,94X_mc2017_realistic_v17,FALSE,POWHEG,NONE,2017
#TTTo2L2Nu_mtop169p5_TuneCP5_PSweights_13TeV-powheg-pythia8,/TTTo2L2Nu_mtop169p5_TuneCP5_PSweights_13TeV-powheg-pythia8/RunIIFall17MiniAODv2-PU2017_12Apr2018_94X_mc2017_realistic_v14-v1/MINIAODSIM,4688757,78.3241528214,88.34,0.000240549225689,,94X_mc2017_realistic_v17,FALSE,POWHEG,NONE,2017
#TTTo2L2Nu_mtop178p5_TuneCP5_13TeV-powheg-pythia8_v2,/TTTo2L2Nu_mtop178p5_TuneCP5_13TeV-powheg-pythia8/RunIIFall17MiniAODv2-PU2017_12Apr2018_94X_mc2017_realistic_v14-v2/MINIAODSIM,2458584,61.3045254601,88.34,0.000586110914568,,94X_mc2017_realistic_v17,FALSE,POWHEG,NONE,2017
#TTTo2L2Nu_mtop166p5_TuneCP5_13TeV-powheg-pythia8,/TTTo2L2Nu_mtop166p5_TuneCP5_13TeV-powheg-pythia8/RunIIFall17MiniAODv2-PU2017_12Apr2018_94X_mc2017_realistic_v14-v1/MINIAODSIM,2422243,85.2061957292,88.34,0.000428024383062,,94X_mc2017_realistic_v17,FALSE,POWHEG,NONE,2017
#TTTo2L2Nu_mtop171p5_TuneCP5_PSweights_13TeV-powheg-pythia8,/TTTo2L2Nu_mtop171p5_TuneCP5_PSweights_13TeV-powheg-pythia8/RunIIFall17MiniAODv2-PU2017_12Apr2018_94X_mc2017_realistic_v14-v1/MINIAODSIM,5435101,74.0999243582,88.34,0.000219347157766,,94X_mc2017_realistic_v17,FALSE,POWHEG,NONE,2017
,,,,,,,,,,,
TTToHadronic_TuneCP5_PSweights_13TeV-powheg-pythia8,/TTToHadronic_TuneCP5_PSweights_13TeV-powheg-pythia8/RunIIFall17MiniAODv2-PU2017_12Apr2018_94X_mc2017_realistic_v14-v1/MINIAODSIM,130725364,313.522622476,377.96,9.22182969053E-06,/TTToHadronic_TuneCP5_PSweights_13TeV-powheg-pythia8/mwassmer-KIT_tthbb_sl_skims_MC_94X-89d803256191092beb2b5f9476740fe1/USER,94X_mc2017_realistic_v17,FALSE,POWHEG,NONE,2017
TTToHadronic_TuneCP5_13TeV-powheg-pythia8,/TTToHadronic_TuneCP5_13TeV-powheg-pythia8/RunIIFall17MiniAODv2-PU2017_12Apr2018_94X_mc2017_realistic_v14-v1/MINIAODSIM,42357944,1,377.96,0.00892300155078,/TTToHadronic_TuneCP5_13TeV-powheg-pythia8/mwassmer-KIT_tthbb_sl_skims_MC_94X-89d803256191092beb2b5f9476740fe1/USER,94X_mc2017_realistic_v17,FALSE,POWHEG,NONE,2017
TTToHadronic_TuneCP5down_PSweights_13TeV-powheg-pythia8,/TTToHadronic_TuneCP5down_PSweights_13TeV-powheg-pythia8/RunIIFall17MiniAODv2-PU2017_12Apr2018_94X_mc2017_realistic_v14-v1/MINIAODSIM,26155064,313.496512246,377.96,4.60953736512E-05,/TTToHadronic_TuneCP5down_PSweights_13TeV-powheg-pythia8/mwassmer-KIT_tthbb_sl_skims_MC_94X-89d803256191092beb2b5f9476740fe1/USER,94X_mc2017_realistic_v17,FALSE,POWHEG,NONE,2017
TTToHadronic_TuneCP5up_PSweights_13TeV-powheg-pythia8,/TTToHadronic_TuneCP5up_PSweights_13TeV-powheg-pythia8/RunIIFall17MiniAODv2-PU2017_12Apr2018_94X_mc2017_realistic_v14-v1/MINIAODSIM,27206470,313.604697693,377.96,4.42987104869E-05,/TTToHadronic_TuneCP5up_PSweights_13TeV-powheg-pythia8/mwassmer-KIT_tthbb_sl_skims_MC_94X-89d803256191092beb2b5f9476740fe1/USER,94X_mc2017_realistic_v17,FALSE,POWHEG,NONE,2017
,,,,,,,,,,,
ST_s-channel_4f_leptonDecays_TuneCP5_PSweights_13TeV-amcatnlo-pythia8,/ST_s-channel_4f_leptonDecays_TuneCP5_PSweights_13TeV-amcatnlo-pythia8/RunIIFall17MiniAODv2-PU2017_12Apr2018_94X_mc2017_realistic_v14-v1/MINIAODSIM,9906720,3.75517137943,3.36,9.03191052826E-05,/ST_s-channel_4f_leptonDecays_TuneCP5_PSweights_13TeV-amcatnlo-pythia8/pkeicher-KIT_tthbb_sl_skims_MC_94X-89d803256191092beb2b5f9476740fe1/USER,94X_mc2017_realistic_v17,FALSE,aMC,NONE,2017
ST_s-channel_4f_leptonDecays_TuneCP5_13TeV-amcatnlo-pythia8,/ST_s-channel_4f_leptonDecays_TuneCP5_13TeV-amcatnlo-pythia8/RunIIFall17MiniAODv2-PU2017_12Apr2018_94X_mc2017_realistic_v14-v1/MINIAODSIM,9568575,3.75416981048,3.36,9.35358504162E-05,/ST_s-channel_4f_leptonDecays_TuneCP5_13TeV-amcatnlo-pythia8/pkeicher-KIT_tthbb_sl_skims_MC_94X-89d803256191092beb2b5f9476740fe1/USER,94X_mc2017_realistic_v17,FALSE,aMC,NONE,2017
ST_s-channel_4f_leptonDecays_TuneCP5_13TeV-amcatnlo-pythia8_v2,/ST_s-channel_4f_leptonDecays_TuneCP5_13TeV-amcatnlo-pythia8/RunIIFall17MiniAODv2-PU2017_12Apr2018_94X_mc2017_realistic_v14-v2/MINIAODSIM,9883805,3.76086171889,3.36,9.0391531253E-05,/ST_s-channel_4f_leptonDecays_TuneCP5_13TeV-amcatnlo-pythia8/mwassmer-KIT_tthbb_sl_skims_MC_v2_94X-89d803256191092beb2b5f9476740fe1/USER,94X_mc2017_realistic_v17,FALSE,aMC,NONE,2017
,,,,,,,,,,,
ST_t-channel_top_4f_inclusiveDecays_TuneCP5_13TeV-powhegV2-madspin-pythia8,/ST_t-channel_top_4f_inclusiveDecays_TuneCP5_13TeV-powhegV2-madspin-pythia8/RunIIFall17MiniAODv2-PU2017_12Apr2018_94X_mc2017_realistic_v14-v1/MINIAODSIM,5865875,1,136.02,0.0231883563833,/ST_t-channel_top_4f_inclusiveDecays_TuneCP5_13TeV-powhegV2-madspin-pythia8/pkeicher-KIT_tthbb_sl_skims_MC_94X-89d803256191092beb2b5f9476740fe1/USER,94X_mc2017_realistic_v17,FALSE,POWHEG,NONE,2017
,,,,,,,,,,,
ST_t-channel_antitop_4f_inclusiveDecays_TuneCP5_13TeV-powhegV2-madspin-pythia8,/ST_t-channel_antitop_4f_inclusiveDecays_TuneCP5_13TeV-powhegV2-madspin-pythia8/RunIIFall17MiniAODv2-PU2017_12Apr2018_94X_mc2017_realistic_v14-v1/MINIAODSIM,3939990,1,80.95,0.0205457374257,/ST_t-channel_antitop_4f_inclusiveDecays_TuneCP5_13TeV-powhegV2-madspin-pythia8/pkeicher-KIT_tthbb_sl_skims_MC_94X-89d803256191092beb2b5f9476740fe1/USER,94X_mc2017_realistic_v17,FALSE,POWHEG,NONE,2017
ST_t-channel_antitop_4f_inclusiveDecays_TuneCP5_13TeV-powhegV2-madspin-pythia8_v2,/ST_t-channel_antitop_4f_inclusiveDecays_TuneCP5_13TeV-powhegV2-madspin-pythia8/RunIIFall17MiniAODv2-PU2017_12Apr2018_94X_mc2017_realistic_v14-v2/MINIAODSIM,3675910,1,80.95,0.0220217578776,/ST_t-channel_antitop_4f_inclusiveDecays_TuneCP5_13TeV-powhegV2-madspin-pythia8/mwassmer-KIT_tthbb_sl_skims_MC_v2_94X-89d803256191092beb2b5f9476740fe1/USER,94X_mc2017_realistic_v17,FALSE,POWHEG,NONE,2017
,,,,,,,,,,,
ST_tW_top_5f_inclusiveDecays_TuneCP5_13TeV-powheg-pythia8,/ST_tW_top_5f_inclusiveDecays_TuneCP5_13TeV-powheg-pythia8/RunIIFall17MiniAODv2-PU2017_12Apr2018_94X_mc2017_realistic_v14-v1/MINIAODSIM,7581624,34.891414222,35.85,0.000135521545246,/ST_tW_top_5f_inclusiveDecays_TuneCP5_13TeV-powheg-pythia8/pkeicher-KIT_tthbb_sl_skims_MC_94X-89d803256191092beb2b5f9476740fe1/USER,94X_mc2017_realistic_v17,FALSE,POWHEG,NONE,2017
ST_tW_top_5f_inclusiveDecays_TuneCP5_13TeV-powheg-pythia8_v2,/ST_tW_top_5f_inclusiveDecays_TuneCP5_13TeV-powheg-pythia8/RunIIFall17MiniAODv2-PU2017_12Apr2018_94X_mc2017_realistic_v14-v2/MINIAODSIM,7794186,34.9125410923,35.85,0.000131745847198,/ST_tW_top_5f_inclusiveDecays_TuneCP5_13TeV-powheg-pythia8/mwassmer-KIT_tthbb_sl_skims_MC_v2_94X-89d803256191092beb2b5f9476740fe1/USER,94X_mc2017_realistic_v17,FALSE,POWHEG,NONE,2017
ST_tW_top_5f_inclusiveDecays_TuneCP5_PSweights_13TeV-powheg-pythia8,/ST_tW_top_5f_inclusiveDecays_TuneCP5_PSweights_13TeV-powheg-pythia8/RunIIFall17MiniAODv2-PU2017_12Apr2018_94X_mc2017_realistic_v14-v1/MINIAODSIM,7660001,34.8843905845,35.85,0.000134161897873,/ST_tW_top_5f_inclusiveDecays_TuneCP5_PSweights_13TeV-powheg-pythia8/pkeicher-KIT_tthbb_sl_skims_MC_94X-89d803256191092beb2b5f9476740fe1/USER,94X_mc2017_realistic_v17,FALSE,POWHEG,NONE,2017
ST_tW_top_5f_inclusiveDecays_TuneCP5down_PSweights_13TeV-powheg-pythia8,/ST_tW_top_5f_inclusiveDecays_TuneCP5down_PSweights_13TeV-powheg-pythia8/RunIIFall17MiniAODv2-PU2017_12Apr2018_94X_mc2017_realistic_v14-v1/MINIAODSIM,4849000,34.8946405405,35.85,0.000211874283552,,94X_mc2017_realistic_v17,FALSE,POWHEG,NONE,2017
ST_tW_top_5f_inclusiveDecays_TuneCP5up_PSweights_13TeV-powheg-pythia8,/ST_tW_top_5f_inclusiveDecays_TuneCP5up_PSweights_13TeV-powheg-pythia8/RunIIFall17MiniAODv2-PU2017_12Apr2018_94X_mc2017_realistic_v14-v1/MINIAODSIM,4957000,34.8838301282,35.85,0.000207322328618,,94X_mc2017_realistic_v17,FALSE,POWHEG,NONE,2017
,,,,,,,,,,,
ST_tW_antitop_5f_inclusiveDecays_TuneCP5_PSweights_13TeV-powheg-pythia8,/ST_tW_antitop_5f_inclusiveDecays_TuneCP5_PSweights_13TeV-powheg-pythia8/RunIIFall17MiniAODv2-PU2017_12Apr2018_94X_mc2017_realistic_v14-v1/MINIAODSIM,7993682,34.9728750596,35.85,0.00012823629332,/ST_tW_antitop_5f_inclusiveDecays_TuneCP5_PSweights_13TeV-powheg-pythia8/pkeicher-KIT_tthbb_sl_skims_MC_94X-89d803256191092beb2b5f9476740fe1/USER,94X_mc2017_realistic_v17,FALSE,POWHEG,NONE,2017
ST_tW_antitop_5f_inclusiveDecays_TuneCP5_PSweights_13TeV-powheg-pythia8_v2,/ST_tW_antitop_5f_inclusiveDecays_TuneCP5_PSweights_13TeV-powheg-pythia8/RunIIFall17MiniAODv2-PU2017_12Apr2018_94X_mc2017_realistic_v14-v2/MINIAODSIM,7745276,34.9714679025,35.85,0.000132354404943,/ST_tW_antitop_5f_inclusiveDecays_TuneCP5_PSweights_13TeV-powheg-pythia8/mwassmer-KIT_tthbb_sl_skims_MC_v2_94X-89d803256191092beb2b5f9476740fe1/USER,94X_mc2017_realistic_v17,FALSE,POWHEG,NONE,2017
ST_tW_antitop_5f_inclusiveDecays_TuneCP5_13TeV-powheg-pythia8,/ST_tW_antitop_5f_inclusiveDecays_TuneCP5_13TeV-powheg-pythia8/RunIIFall17MiniAODv2-PU2017_12Apr2018_94X_mc2017_realistic_v14-v1/MINIAODSIM,7780870,34.9838638656,35.85,0.000131702259646,/ST_tW_antitop_5f_inclusiveDecays_TuneCP5_13TeV-powheg-pythia8/pkeicher-KIT_tthbb_sl_skims_MC_94X-89d803256191092beb2b5f9476740fe1/USER,94X_mc2017_realistic_v17,FALSE,POWHEG,NONE,2017
ST_tW_antitop_5f_inclusiveDecays_TuneCP5_13TeV-powheg-pythia8_v2,/ST_tW_antitop_5f_inclusiveDecays_TuneCP5_13TeV-powheg-pythia8/RunIIFall17MiniAODv2-PU2017_12Apr2018_94X_mc2017_realistic_v14-v2/MINIAODSIM,7977430,35.0036476572,35.85,0.000128384576938,/ST_tW_antitop_5f_inclusiveDecays_TuneCP5_13TeV-powheg-pythia8/mwassmer-KIT_tthbb_sl_skims_MC_v2_94X-89d803256191092beb2b5f9476740fe1/USER,94X_mc2017_realistic_v17,FALSE,POWHEG,NONE,2017
ST_tW_antitop_5f_inclusiveDecays_TuneCP5up_PSweights_13TeV-powheg-pythia8,/ST_tW_antitop_5f_inclusiveDecays_TuneCP5up_PSweights_13TeV-powheg-pythia8/RunIIFall17MiniAODv2-PU2017_12Apr2018_94X_mc2017_realistic_v14-v1/MINIAODSIM,4776000,34.9745482852,35.85,0.000214621253885,,94X_mc2017_realistic_v17,FALSE,POWHEG,NONE,2017
ST_tW_antitop_5f_inclusiveDecays_TuneCP5down_PSweights_13TeV-powheg-pythia8,/ST_tW_antitop_5f_inclusiveDecays_TuneCP5down_PSweights_13TeV-powheg-pythia8/RunIIFall17MiniAODv2-PU2017_12Apr2018_94X_mc2017_realistic_v14-v1/MINIAODSIM,4839000,34.9481503378,35.85,0.00021198705554,,94X_mc2017_realistic_v17,FALSE,POWHEG,NONE,2017
,,,,,,,,,,,
,,,,,,,,,,,
,,,,,,,,,,,
WJetsToLNu_0J_TuneCP5_13TeV-amcatnloFXFX-pythia8_v2,/WJetsToLNu_0J_TuneCP5_13TeV-amcatnloFXFX-pythia8/RunIIFall17MiniAODv2-PU2017_12Apr2018_94X_mc2017_realistic_v14-v2/MINIAODSIM,180935349,60789.3838761,50131.98,4.55788846675E-06,,94X_mc2017_realistic_v17,FALSE,aMC,NONE,2017
WJetsToLNu_1J_TuneCP5_13TeV-amcatnloFXFX-pythia8,"/WJetsToLNu_1J_TuneCP5_13TeV-amcatnloFXFX-pythia8/RunIIFall17MiniAODv2-PU2017_12Apr2018_94X_mc2017_realistic_v14_ext1-v1/MINIAODSIM,/WJetsToLNu_1J_TuneCP5_13TeV-amcatnloFXFX-pythia8/RunIIFall17MiniAODv2-PU2017_12Apr2018_94X_mc2017_realistic_v14-v1/MINIAODSIM",259753077,45412.742291,8426.09,7.14311537283E-07,,94X_mc2017_realistic_v17,FALSE,aMC,NONE,2017
WJetsToLNu_2J_TuneCP5_13TeV-amcatnloFXFX-pythia8,/WJetsToLNu_2J_TuneCP5_13TeV-amcatnloFXFX-pythia8/RunIIFall17MiniAODv2-PU2017_12Apr2018_94X_mc2017_realistic_v14-v1/MINIAODSIM,98285948,24735.8435056,3172.96,1.30510796944E-06,,94X_mc2017_realistic_v17,FALSE,aMC,NONE,2017
,,,,,,,,,,,
#WJetsToLNu_TuneCP5_13TeV-madgraphMLM-pythia8_v2,"/WJetsToLNu_TuneCP5_13TeV-madgraphMLM-pythia8/RunIIFall17MiniAODv2-PU2017_12Apr2018_94X_mc2017_realistic_v14_ext1-v2/MINIAODSIM,/WJetsToLNu_TuneCP5_13TeV-madgraphMLM-pythia8/RunIIFall17MiniAODv2-PU2017_12Apr2018_94X_mc2017_realistic_v14-v2/MINIAODSIM",77700506,0.999091747862,61526,0.79255509509,,94X_mc2017_realistic_v17,FALSE,MadGraph,NONE,2017
,,,,,,,,,,,
#WJetsToLNu_HT-70To100_TuneCP5_13TeV-madgraphMLM-pythia8,/WJetsToLNu_HT-70To100_TuneCP5_13TeV-madgraphMLM-pythia8/RunIIFall17MiniAODv2-PU2017_12Apr2018_94X_mc2017_realistic_v14-v1/MINIAODSIM,22255124,0.998715786148,1319,0.059343459788,,94X_mc2017_realistic_v17,FALSE,MadGraph,NONE,2017
#WJetsToLNu_HT-100To200_TuneCP5_13TeV-madgraphMLM-pythia8_v2,/WJetsToLNu_HT-100To200_TuneCP5_13TeV-madgraphMLM-pythia8/RunIIFall17MiniAODv2-PU2017_12Apr2018_94X_mc2017_realistic_v14-v2/MINIAODSIM,35862893,0.998581294403,1345,0.0375572285813,/WJetsToLNu_HT-100To200_TuneCP5_13TeV-madgraphMLM-pythia8/mwassmer-KIT_tthbb_sl_skims_MC_94X-89d803256191092beb2b5f9476740fe1/USER,94X_mc2017_realistic_v17,FALSE,MadGraph,NONE,2017
#WJetsToLNu_HT-200To400_TuneCP5_13TeV-madgraphMLM-pythia8,/WJetsToLNu_HT-200To400_TuneCP5_13TeV-madgraphMLM-pythia8/RunIIFall17MiniAODv2-PU2017_12Apr2018_94X_mc2017_realistic_v14-v1/MINIAODSIM,21250517,0.997226332434,359.7,0.0169737264828,/WJetsToLNu_HT-200To400_TuneCP5_13TeV-madgraphMLM-pythia8/mwassmer-KIT_tthbb_sl_skims_MC_94X-89d803256191092beb2b5f9476740fe1/USER,94X_mc2017_realistic_v17,FALSE,MadGraph,NONE,2017
#WJetsToLNu_HT-400To600_TuneCP5_13TeV-madgraphMLM-pythia8,/WJetsToLNu_HT-400To600_TuneCP5_13TeV-madgraphMLM-pythia8/RunIIFall17MiniAODv2-PU2017_12Apr2018_94X_mc2017_realistic_v14-v1/MINIAODSIM,14313274,0.995392312764,48.91,0.00343292563162,/WJetsToLNu_HT-400To600_TuneCP5_13TeV-madgraphMLM-pythia8/mwassmer-KIT_tthbb_sl_skims_MC_94X-89d803256191092beb2b5f9476740fe1/USER,94X_mc2017_realistic_v17,FALSE,MadGraph,NONE,2017
#WJetsToLNu_HT-600To800_TuneCP5_13TeV-madgraphMLM-pythia8,/WJetsToLNu_HT-600To800_TuneCP5_13TeV-madgraphMLM-pythia8/RunIIFall17MiniAODv2-PU2017_12Apr2018_94X_mc2017_realistic_v14-v1/MINIAODSIM,21709087,0.993985463328,12.05,0.00055842577392,/WJetsToLNu_HT-600To800_TuneCP5_13TeV-madgraphMLM-pythia8/mwassmer-KIT_tthbb_sl_skims_MC_94X-89d803256191092beb2b5f9476740fe1/USER,94X_mc2017_realistic_v17,FALSE,MadGraph,NONE,2017
#WJetsToLNu_HT-800To1200_TuneCP5_13TeV-madgraphMLM-pythia8,/WJetsToLNu_HT-800To1200_TuneCP5_13TeV-madgraphMLM-pythia8/RunIIFall17MiniAODv2-PU2017_12Apr2018_94X_mc2017_realistic_v14-v1/MINIAODSIM,20432728,0.992460940452,5.501,0.000271270062632,/WJetsToLNu_HT-800To1200_TuneCP5_13TeV-madgraphMLM-pythia8/mwassmer-KIT_tthbb_sl_skims_MC_94X-89d803256191092beb2b5f9476740fe1/USER,94X_mc2017_realistic_v17,FALSE,MadGraph,NONE,2017
#WJetsToLNu_HT-1200To2500_TuneCP5_13TeV-madgraphMLM-pythia8,/WJetsToLNu_HT-1200To2500_TuneCP5_13TeV-madgraphMLM-pythia8/RunIIFall17MiniAODv2-PU2017_12Apr2018_94X_mc2017_realistic_v14-v1/MINIAODSIM,20258624,0.987137224111,1.329,6.64565065583E-05,/WJetsToLNu_HT-1200To2500_TuneCP5_13TeV-madgraphMLM-pythia8/mwassmer-KIT_tthbb_sl_skims_MC_94X-89d803256191092beb2b5f9476740fe1/USER,94X_mc2017_realistic_v17,FALSE,MadGraph,NONE,2017
#WJetsToLNu_HT-2500ToInf_TuneCP5_13TeV-madgraphMLM-pythia8,/WJetsToLNu_HT-2500ToInf_TuneCP5_13TeV-madgraphMLM-pythia8/RunIIFall17MiniAODv2-PU2017_12Apr2018_94X_mc2017_realistic_v14-v3/MINIAODSIM,21495421,0.95898335036,0.03216,1.56012363966E-06,/WJetsToLNu_HT-2500ToInf_TuneCP5_13TeV-madgraphMLM-pythia8/mwassmer-KIT_tthbb_sl_skims_MC_94X-89d803256191092beb2b5f9476740fe1/USER,94X_mc2017_realistic_v17,FALSE,MadGraph,NONE,2017
,,,,,,,,,,,
DYJetsToLL_0J_TuneCP5_13TeV-amcatnloFXFX-pythia8,/DYJetsToLL_0J_TuneCP5_13TeV-amcatnloFXFX-pythia8/RunIIFall17MiniAODv2-PU2017_12Apr2018_94X_mc2017_realistic_v14-v1/MINIAODSIM,88230653,6068.85051141,4620.52,8.62908845602E-06,,94X_mc2017_realistic_v17,FALSE,aMC,NONE,
DYJetsToLL_1J_TuneCP5_13TeV-amcatnloFXFX-pythia8,/DYJetsToLL_1J_TuneCP5_13TeV-amcatnloFXFX-pythia8/RunIIFall17MiniAODv2-PU2017_12Apr2018_94X_mc2017_realistic_v14-v1/MINIAODSIM,95629091,4660.54423602,859.59,1.92870005295E-06,,94X_mc2017_realistic_v17,FALSE,aMC,NONE,
DYJetsToLL_2J_TuneCP5_13TeV-amcatnloFXFX-pythia8,/DYJetsToLL_2J_TuneCP5_13TeV-amcatnloFXFX-pythia8/RunIIFall17MiniAODv2-PU2017_12Apr2018_94X_mc2017_realistic_v14-v1/MINIAODSIM,54592285,2595.18176997,338.26,2.38754513463E-06,,94X_mc2017_realistic_v17,FALSE,aMC,NONE,
,,,,,,,,,,,
#DYJetsToLL_M-50_TuneCP5_13TeV-amcatnloFXFX-pythia8_new_pmx,"/DYJetsToLL_M-50_TuneCP5_13TeV-amcatnloFXFX-pythia8/RunIIFall17MiniAODv2-PU2017_12Apr2018_new_pmx_94X_mc2017_realistic_v14_ext1-v1/MINIAODSIM,/DYJetsToLL_M-50_TuneCP5_13TeV-amcatnloFXFX-pythia8/RunIIFall17MiniAODv2-PU2017_12Apr2018_new_pmx_94X_mc2017_realistic_v14-v1/MINIAODSIM",209747524,2337.75699918,6529,1.33152847957E-05,,94X_mc2017_realistic_v17,FALSE,aMC,NONE,2017
,,,,,,,,,,,
#DYJetsToLL_M-4to50_HT-100to200_TuneCP5_13TeV-madgraphMLM-pythia8,"/DYJetsToLL_M-4to50_HT-100to200_TuneCP5_13TeV-madgraphMLM-pythia8/RunIIFall17MiniAODv2-PU2017_12Apr2018_94X_mc2017_realistic_v14_ext1-v1/MINIAODSIM,/DYJetsToLL_M-4to50_HT-100to200_TuneCP5_13TeV-madgraphMLM-pythia8/RunIIFall17MiniAODv2-PU2017_12Apr2018_94X_mc2017_realistic_v14-v1/MINIAODSIM",9884020,0.998229068151,224.2,0.0227233197934,/DYJetsToLL_M-4to50_HT-100to200_TuneCP5_13TeV-madgraphMLM-pythia8/mschrode-KIT_tthbb_sl_skims_MC_94X-89d803256191092beb2b5f9476740fe1/USER,94X_mc2017_realistic_v17,FALSE,MadGraph,NONE,2017
#DYJetsToLL_M-4to50_HT-200to400_TuneCP5_13TeV-madgraphMLM-pythia8_v2,/DYJetsToLL_M-4to50_HT-200to400_TuneCP5_13TeV-madgraphMLM-pythia8/RunIIFall17MiniAODv2-PU2017_12Apr2018_94X_mc2017_realistic_v14-v2/MINIAODSIM,1929923,0.99702428555,37.2,0.0193329096353,,94X_mc2017_realistic_v17,FALSE,MadGraph,NONE,2017
#DYJetsToLL_M-4to50_HT-200to400_TuneCP5_13TeV-madgraphMLM-pythia8,/DYJetsToLL_M-4to50_HT-200to400_TuneCP5_13TeV-madgraphMLM-pythia8/RunIIFall17MiniAODv2-PU2017_12Apr2018_94X_mc2017_realistic_v14_ext1-v1/MINIAODSIM,1021757,0.997014870368,37.2,0.0365168815129,/DYJetsToLL_M-4to50_HT-200to400_TuneCP5_13TeV-madgraphMLM-pythia8/mschrode-KIT_tthbb_sl_skims_MC_94X-89d803256191092beb2b5f9476740fe1/USER,94X_mc2017_realistic_v17,FALSE,MadGraph,NONE,2017
#DYJetsToLL_M-4to50_HT-400to600_TuneCP5_13TeV-madgraphMLM-pythia8,"/DYJetsToLL_M-4to50_HT-400to600_TuneCP5_13TeV-madgraphMLM-pythia8/RunIIFall17MiniAODv2-PU2017_12Apr2018_94X_mc2017_realistic_v14_ext1-v1/MINIAODSIM,/DYJetsToLL_M-4to50_HT-400to600_TuneCP5_13TeV-madgraphMLM-pythia8/RunIIFall17MiniAODv2-PU2017_12Apr2018_94X_mc2017_realistic_v14-v1/MINIAODSIM",3062244,0.99543138265,3.581,0.00117477095403,/DYJetsToLL_M-4to50_HT-400to600_TuneCP5_13TeV-madgraphMLM-pythia8/mschrode-KIT_tthbb_sl_skims_MC_94X-89d803256191092beb2b5f9476740fe1/USER,94X_mc2017_realistic_v17,FALSE,MadGraph,NONE,2017
#DYJetsToLL_M-4to50_HT-600toInf_TuneCP5_13TeV-madgraphMLM-pythia8,"/DYJetsToLL_M-4to50_HT-600toInf_TuneCP5_13TeV-madgraphMLM-pythia8/RunIIFall17MiniAODv2-PU2017_12Apr2018_94X_mc2017_realistic_v14_ext1-v1/MINIAODSIM,/DYJetsToLL_M-4to50_HT-600toInf_TuneCP5_13TeV-madgraphMLM-pythia8/RunIIFall17MiniAODv2-PU2017_12Apr2018_94X_mc2017_realistic_v14-v1/MINIAODSIM",2931736,0.992938373415,1.124,0.000386117207322,,94X_mc2017_realistic_v17,FALSE,MadGraph,NONE,2017
,,,,,,,,,,,
#DYJetsToLL_M-50_HT-70to100_TuneCP5_13TeV-madgraphMLM-pythia8,/DYJetsToLL_M-50_HT-70to100_TuneCP5_13TeV-madgraphMLM-pythia8/RunIIFall17MiniAODv2-PU2017_12Apr2018_94X_mc2017_realistic_v14-v1/MINIAODSIM,9344037,0.998758987226,175.3,0.0187839388753,,94X_mc2017_realistic_v17,FALSE,MadGraph,NONE,2017
#DYJetsToLL_M-50_HT-100to200_TuneCP5_13TeV-madgraphMLM-pythia8,"/DYJetsToLL_M-50_HT-100to200_TuneCP5_13TeV-madgraphMLM-pythia8/RunIIFall17MiniAODv2-PU2017_12Apr2018_94X_mc2017_realistic_v14-v1/MINIAODSIM,/DYJetsToLL_M-50_HT-100to200_TuneCP5_13TeV-madgraphMLM-pythia8/RunIIFall17MiniAODv2-PU2017_12Apr2018_94X_mc2017_realistic_v14_ext1-v1/MINIAODSIM",14185757,0.998484347235,147.4,0.0104064764636,/DYJetsToLL_M-50_HT-100to200_TuneCP5_13TeV-madgraphMLM-pythia8/mschrode-KIT_tthbb_sl_skims_MC_94X-89d803256191092beb2b5f9476740fe1/USER,94X_mc2017_realistic_v17,FALSE,MadGraph,NONE,2017
#DYJetsToLL_M-50_HT-200to400_TuneCP5_13TeV-madgraphMLM-pythia8_v2,/DYJetsToLL_M-50_HT-200to400_TuneCP5_13TeV-madgraphMLM-pythia8/RunIIFall17MiniAODv2-PU2017_12Apr2018_94X_mc2017_realistic_v14-v2/MINIAODSIM,10728447,0.997211245972,40.99,0.0038313682031,/DYJetsToLL_M-50_HT-200to400_TuneCP5_13TeV-madgraphMLM-pythia8/mwassmer-KIT_tthbb_sl_skims_MC_v2_94X-89d803256191092beb2b5f9476740fe1/USER,94X_mc2017_realistic_v17,FALSE,MadGraph,NONE,2017
#DYJetsToLL_M-50_HT-200to400_TuneCP5_13TeV-madgraphMLM-pythia8,"/DYJetsToLL_M-50_HT-200to400_TuneCP5_13TeV-madgraphMLM-pythia8/RunIIFall17MiniAODv2-PU2017_12Apr2018_94X_mc2017_realistic_v14-v1/MINIAODSIM,/DYJetsToLL_M-50_HT-200to400_TuneCP5_13TeV-madgraphMLM-pythia8/RunIIFall17MiniAODv2-PU2017_12Apr2018_94X_mc2017_realistic_v14_ext1-v1/MINIAODSIM",11499275,0.997300275241,40.99,0.00357422196467,/DYJetsToLL_M-50_HT-200to400_TuneCP5_13TeV-madgraphMLM-pythia8/mschrode-KIT_tthbb_sl_skims_MC_94X-89d803256191092beb2b5f9476740fe1/USER,94X_mc2017_realistic_v17,FALSE,MadGraph,NONE,2017
#DYJetsToLL_M-50_HT-400to600_TuneCP5_13TeV-madgraphMLM-pythia8,"/DYJetsToLL_M-50_HT-400to600_TuneCP5_13TeV-madgraphMLM-pythia8/RunIIFall17MiniAODv2-PU2017_12Apr2018_94X_mc2017_realistic_v14-v1/MINIAODSIM,/DYJetsToLL_M-50_HT-400to600_TuneCP5_13TeV-madgraphMLM-pythia8/RunIIFall17MiniAODv2-PU2017_12Apr2018_94X_mc2017_realistic_v14_ext1-v1/MINIAODSIM",10657929,0.99568737296,5.678,0.000535056403308,/DYJetsToLL_M-50_HT-400to600_TuneCP5_13TeV-madgraphMLM-pythia8/mschrode-KIT_tthbb_sl_skims_MC_94X-89d803256191092beb2b5f9476740fe1/USER,94X_mc2017_realistic_v17,FALSE,MadGraph,NONE,2017
#DYJetsToLL_M-50_HT-600to800_TuneCP5_13TeV-madgraphMLM-pythia8,/DYJetsToLL_M-50_HT-600to800_TuneCP5_13TeV-madgraphMLM-pythia8/RunIIFall17MiniAODv2-PU2017_12Apr2018_94X_mc2017_realistic_v14-v1/MINIAODSIM,8153358,0.993804876556,1.367,0.000168706136251,/DYJetsToLL_M-50_HT-600to800_TuneCP5_13TeV-madgraphMLM-pythia8/mschrode-KIT_tthbb_sl_skims_MC_94X-89d803256191092beb2b5f9476740fe1/USER,94X_mc2017_realistic_v17,FALSE,MadGraph,NONE,2017
#DYJetsToLL_M-50_HT-800to1200_TuneCP5_13TeV-madgraphMLM-pythia8,/DYJetsToLL_M-50_HT-800to1200_TuneCP5_13TeV-madgraphMLM-pythia8/RunIIFall17MiniAODv2-PU2017_12Apr2018_94X_mc2017_realistic_v14-v1/MINIAODSIM,3089861,0.991873342035,0.6304,0.000205693725228,/DYJetsToLL_M-50_HT-800to1200_TuneCP5_13TeV-madgraphMLM-pythia8/mschrode-KIT_tthbb_sl_skims_MC_94X-89d803256191092beb2b5f9476740fe1/USER,94X_mc2017_realistic_v17,FALSE,MadGraph,NONE,2017
#DYJetsToLL_M-50_HT-1200to2500_TuneCP5_13TeV-madgraphMLM-pythia8,/DYJetsToLL_M-50_HT-1200to2500_TuneCP5_13TeV-madgraphMLM-pythia8/RunIIFall17MiniAODv2-PU2017_12Apr2018_94X_mc2017_realistic_v14-v1/MINIAODSIM,625517,0.98666684994,0.1514,0.000245310547025,/DYJetsToLL_M-50_HT-1200to2500_TuneCP5_13TeV-madgraphMLM-pythia8/mschrode-KIT_tthbb_sl_skims_MC_94X-89d803256191092beb2b5f9476740fe1/USER,94X_mc2017_realistic_v17,FALSE,MadGraph,NONE,2017
#DYJetsToLL_M-50_HT-2500toInf_TuneCP5_13TeV-madgraphMLM-pythia8,/DYJetsToLL_M-50_HT-2500toInf_TuneCP5_13TeV-madgraphMLM-pythia8/RunIIFall17MiniAODv2-PU2017_12Apr2018_94X_mc2017_realistic_v14-v1/MINIAODSIM,404986,0.957476130427,0.003565,9.19372624493E-06,/DYJetsToLL_M-50_HT-2500toInf_TuneCP5_13TeV-madgraphMLM-pythia8/mschrode-KIT_tthbb_sl_skims_MC_94X-89d803256191092beb2b5f9476740fe1/USER,94X_mc2017_realistic_v17,FALSE,MadGraph,NONE,2017
,,,,,,,,,,,
,,,,,,,,,,,
TTWJetsToQQ_TuneCP5_13TeV-amcatnloFXFX-madspin-pythia8,/TTWJetsToQQ_TuneCP5_13TeV-amcatnloFXFX-madspin-pythia8/RunIIFall17MiniAODv2-PU2017_12Apr2018_94X_mc2017_realistic_v14-v1/MINIAODSIM,811306,0.692468068476,0.4062,0.00072302860501,/TTWJetsToQQ_TuneCP5_13TeV-amcatnloFXFX-madspin-pythia8/pkeicher-KIT_tthbb_sl_skims_MC_94X-89d803256191092beb2b5f9476740fe1/USER,94X_mc2017_realistic_v17,FALSE,aMC,NONE,2017
TTWJetsToQQ_TuneCP5_13TeV-amcatnloFXFX-madspin-pythia8_v2,/TTWJetsToQQ_TuneCP5_13TeV-amcatnloFXFX-madspin-pythia8/RunIIFall17MiniAODv2-PU2017_12Apr2018_94X_mc2017_realistic_v14-v2/MINIAODSIM,811306,0.686934188282,0.4062,0.000728853258586,/TTWJetsToQQ_TuneCP5_13TeV-amcatnloFXFX-madspin-pythia8/mwassmer-KIT_tthbb_sl_skims_MC_v2_94X-89d803256191092beb2b5f9476740fe1/USER,94X_mc2017_realistic_v17,FALSE,aMC,NONE,2017
,,,,,,,,,,,
TTWJetsToLNu_TuneCP5_PSweights_13TeV-amcatnloFXFX-madspin-pythia8,/TTWJetsToLNu_TuneCP5_PSweights_13TeV-amcatnloFXFX-madspin-pythia8/RunIIFall17MiniAODv2-PU2017_12Apr2018_94X_mc2017_realistic_v14-v1/MINIAODSIM,4919674,0.344183553247,0.2043,0.000120654056382,/TTWJetsToLNu_TuneCP5_PSweights_13TeV-amcatnloFXFX-madspin-pythia8/pkeicher-KIT_tthbb_sl_skims_MC_94X-89d803256191092beb2b5f9476740fe1/USER,94X_mc2017_realistic_v17,FALSE,aMC,NONE,2017
TTWJetsToLNu_TuneCP5_13TeV-amcatnloFXFX-madspin-pythia8,/TTWJetsToLNu_TuneCP5_13TeV-amcatnloFXFX-madspin-pythia8/RunIIFall17MiniAODv2-PU2017_12Apr2018_94X_mc2017_realistic_v14-v1/MINIAODSIM,4925829,0.344071485949,0.2043,0.00012054254386,/TTWJetsToLNu_TuneCP5_13TeV-amcatnloFXFX-madspin-pythia8/pkeicher-KIT_tthbb_sl_skims_MC_94X-89d803256191092beb2b5f9476740fe1/USER,94X_mc2017_realistic_v17,FALSE,aMC,NONE,2017
TTWJetsToLNu_TuneCP5_13TeV-amcatnloFXFX-madspin-pythia8_v2,/TTWJetsToLNu_TuneCP5_13TeV-amcatnloFXFX-madspin-pythia8/RunIIFall17MiniAODv2-PU2017_12Apr2018_94X_mc2017_realistic_v14-v2/MINIAODSIM,4994543,0.341403949612,0.2043,0.000119813034894,,94X_mc2017_realistic_v17,FALSE,aMC,NONE,2017
,,,,,,,,,,,
TTZToQQ_TuneCP5_13TeV-amcatnlo-pythia8,/TTZToQQ_TuneCP5_13TeV-amcatnlo-pythia8/RunIIFall17MiniAODv2-PU2017_12Apr2018_94X_mc2017_realistic_v14-v1/MINIAODSIM,750000,0.508299774069,0.5297,0.00138946877944,/TTZToQQ_TuneCP5_13TeV-amcatnlo-pythia8/pkeicher-KIT_tthbb_sl_skims_MC_94X-89d803256191092beb2b5f9476740fe1/USER,94X_mc2017_realistic_v17,FALSE,aMC,NONE,2017
TTZToQQ_TuneCP5_13TeV-amcatnlo-pythia8_v2,/TTZToQQ_TuneCP5_13TeV-amcatnlo-pythia8/RunIIFall17MiniAODv2-PU2017_12Apr2018_94X_mc2017_realistic_v14-v2/MINIAODSIM,750000,0.510230806139,0.5297,0.00138421016169,/TTZToQQ_TuneCP5_13TeV-amcatnlo-pythia8/mwassmer-KIT_tthbb_sl_skims_MC_v2_94X-89d803256191092beb2b5f9476740fe1/USER,94X_mc2017_realistic_v17,FALSE,aMC,NONE,2017
,,,,,,,,,,,
TTZToLLNuNu_M-10_TuneCP5_13TeV-amcatnlo-pythia8,/TTZToLLNuNu_M-10_TuneCP5_13TeV-amcatnlo-pythia8/RunIIFall17MiniAODv2-PU2017_12Apr2018_94X_mc2017_realistic_v14-v1/MINIAODSIM,7563490,0.242079060117,0.2529,0.000138124070284,/TTZToLLNuNu_M-10_TuneCP5_13TeV-amcatnlo-pythia8/pkeicher-KIT_tthbb_sl_skims_MC_94X-89d803256191092beb2b5f9476740fe1/USER,94X_mc2017_realistic_v17,FALSE,aMC,NONE,2017
TTZToLLNuNu_M-10_TuneCP5_PSweights_13TeV-amcatnlo-pythia8,/TTZToLLNuNu_M-10_TuneCP5_PSweights_13TeV-amcatnlo-pythia8/RunIIFall17MiniAODv2-PU2017_12Apr2018_94X_mc2017_realistic_v14-v1/MINIAODSIM,11092000,0.243415329837,0.2529,9.36679558656E-05,,94X_mc2017_realistic_v17,FALSE,aMC,NONE,2017
TTZToLLNuNu_M-10_TuneCP5_13TeV-amcatnlo-pythia8_v2,/TTZToLLNuNu_M-10_TuneCP5_13TeV-amcatnlo-pythia8/RunIIFall17MiniAODv2-PU2017_12Apr2018_94X_mc2017_realistic_v14-v2/MINIAODSIM,7932650,0.245022995671,0.2529,0.000130113898971,,94X_mc2017_realistic_v17,FALSE,aMC,NONE,2017
,,,,,,,,,,,
WW_TuneCP5_13TeV-pythia8,/WW_TuneCP5_13TeV-pythia8/RunIIFall17MiniAODv2-PU2017_12Apr2018_94X_mc2017_realistic_v14-v1/MINIAODSIM,7791498,1.0000064486,118.7,0.0152344561414,/WW_TuneCP5_13TeV-pythia8/pkeicher-KIT_tthbb_sl_skims_MC_94X-89d803256191092beb2b5f9476740fe1/USER,94X_mc2017_realistic_v17,FALSE,pythia8,NONE,2017
WW_TuneCP5_13TeV-pythia8_v2,/WW_TuneCP5_13TeV-pythia8/RunIIFall17MiniAODv2-PU2017_12Apr2018_94X_mc2017_realistic_v14-v2/MINIAODSIM,7765828,1.00000951579,118.7,0.0152847668641,,94X_mc2017_realistic_v17,FALSE,pythia8,NONE,2017
,,,,,,,,,,,
WZ_TuneCP5_13TeV-pythia8,/WZ_TuneCP5_13TeV-pythia8/RunIIFall17MiniAODv2-PU2017_12Apr2018_94X_mc2017_realistic_v14-v1/MINIAODSIM,3928630,1,47.13,0.0119965484151,/WZ_TuneCP5_13TeV-pythia8/pkeicher-KIT_tthbb_sl_skims_MC_94X-89d803256191092beb2b5f9476740fe1/USER,94X_mc2017_realistic_v17,FALSE,pythia8,NONE,2017
ZZ_TuneCP5_13TeV-pythia8,/ZZ_TuneCP5_13TeV-pythia8/RunIIFall17MiniAODv2-PU2017_12Apr2018_94X_mc2017_realistic_v14-v1/MINIAODSIM,1949768,1,16.91,0.00867282671579,/ZZ_TuneCP5_13TeV-pythia8/pkeicher-KIT_tthbb_sl_skims_MC_94X-89d803256191092beb2b5f9476740fe1/USER,94X_mc2017_realistic_v17,FALSE,pythia8,NONE,2017
,,,,,,,,,,,
THW_ctcvcp_5f_Hincl_13TeV_madgraph_pythia8,/THW_ctcvcp_5f_Hincl_13TeV_madgraph_pythia8/RunIIFall17MiniAODv2-PU2017_12Apr2018_94X_mc2017_realistic_v14-v1/MINIAODSIM,4719999,0.998808290155,0.002879,6.10685516289E-07,,94X_mc2017_realistic_v17,FALSE,MadGraph,NONE,2017
THW_5f_Hincl_13TeV_madgraph_pythia8,/THW_5f_Hincl_13TeV_madgraph_pythia8/RunIIFall17MiniAODv2-PU2017_12Apr2018_94X_mc2017_realistic_v14-v1/MINIAODSIM,1439996,1,0.002879,1.9993111092E-06,/THW_5f_Hincl_13TeV_madgraph_pythia8/mwassmer-KIT_tthbb_sl_skims_MC_94X-89d803256191092beb2b5f9476740fe1/USER,94X_mc2017_realistic_v17,FALSE,MadGraph,NONE,2017
THQ_ctcvcp_4f_Hincl_13TeV_madgraph_pythia8,/THQ_ctcvcp_4f_Hincl_13TeV_madgraph_pythia8/RunIIFall17MiniAODv2-PU2017_12Apr2018_94X_mc2017_realistic_v14-v1/MINIAODSIM,9918994,0.994623655914,0.07425,7.52610106946E-06,,94X_mc2017_realistic_v17,FALSE,MadGraph,NONE,2017
THQ_4f_Hincl_13TeV_madgraph_pythia8,/THQ_4f_Hincl_13TeV_madgraph_pythia8/RunIIFall17MiniAODv2-PU2017_12Apr2018_94X_mc2017_realistic_v14-v1/MINIAODSIM,3381548,0.993791412164,0.07425,2.20945755049E-05,/THQ_4f_Hincl_13TeV_madgraph_pythia8/mwassmer-KIT_tthbb_sl_skims_MC_94X-89d803256191092beb2b5f9476740fe1/USER,94X_mc2017_realistic_v17,FALSE,MadGraph,NONE,2017
,,,,,,,,,,,
,,,,,,,,,,,
SingleElectronB,/SingleElectron/Run2017B-31Mar2018-v1/MINIAOD,60537490,1,1,1.65186894931E-05,/SingleElectron/pkeicher-KIT_tthbb_sl_skims_DATA_94X_Run2017B-6262f2140f991ff178efe92b0cdfff9c/USER,94X_dataRun2_v11,TRUE,notSpecified,NONE,2017B
SingleElectronC,/SingleElectron/Run2017C-31Mar2018-v1/MINIAOD,136637888,1,1,7.3186142924E-06,/SingleElectron/pkeicher-KIT_tthbb_sl_skims_DATA_94X_Run2017C-6262f2140f991ff178efe92b0cdfff9c/USER,94X_dataRun2_v11,TRUE,notSpecified,NONE,2017C
SingleElectronD,/SingleElectron/Run2017D-31Mar2018-v1/MINIAOD,51526710,1,1,1.94074102538E-05,/SingleElectron/pkeicher-KIT_tthbb_sl_skims_DATA_94X_Run2017D-6262f2140f991ff178efe92b0cdfff9c/USER,94X_dataRun2_v11,TRUE,notSpecified,NONE,2017D
SingleElectronE,/SingleElectron/Run2017E-31Mar2018-v1/MINIAOD,102121689,1,1,9.79223913933E-06,/SingleElectron/pkeicher-KIT_tthbb_sl_skims_DATA_94X_Run2017E-6262f2140f991ff178efe92b0cdfff9c/USER,94X_dataRun2_v11,TRUE,notSpecified,NONE,2017E
SingleElectronF,/SingleElectron/Run2017F-31Mar2018-v1/MINIAOD,128467223,1,1,7.7840866849E-06,/SingleElectron/pkeicher-KIT_tthbb_sl_skims_DATA_94X_Run2017F-6262f2140f991ff178efe92b0cdfff9c/USER,94X_dataRun2_v11,TRUE,notSpecified,NONE,2017F
SingleMuonB,/SingleMuon/Run2017B-31Mar2018-v1/MINIAOD,136300266,1,1,7.33674283512E-06,/SingleMuon/pkeicher-KIT_tthbb_sl_skims_DATA_94X_Run2017B-6262f2140f991ff178efe92b0cdfff9c/USER,94X_dataRun2_v11,TRUE,notSpecified,NONE,2017B
SingleMuonC,/SingleMuon/Run2017C-31Mar2018-v1/MINIAOD,165652756,1,1,6.03672419431E-06,/SingleMuon/pkeicher-KIT_tthbb_sl_skims_DATA_94X_Run2017C-6262f2140f991ff178efe92b0cdfff9c/USER,94X_dataRun2_v11,TRUE,notSpecified,NONE,2017C
SingleMuonD,/SingleMuon/Run2017D-31Mar2018-v1/MINIAOD,70361660,1,1,1.42122854975E-05,/SingleMuon/pkeicher-KIT_tthbb_sl_skims_DATA_94X_Run2017D-6262f2140f991ff178efe92b0cdfff9c/USER,94X_dataRun2_v11,TRUE,notSpecified,NONE,2017D
SingleMuonE,/SingleMuon/Run2017E-31Mar2018-v1/MINIAOD,154630534,1,1,6.46702804506E-06,/SingleMuon/pkeicher-KIT_tthbb_sl_skims_DATA_94X_Run2017E-6262f2140f991ff178efe92b0cdfff9c/USER,94X_dataRun2_v11,TRUE,notSpecified,NONE,2017E
SingleMuonF,/SingleMuon/Run2017F-31Mar2018-v1/MINIAOD,154630534,1,1,6.46702804506E-06,/SingleMuon/pkeicher-KIT_tthbb_sl_skims_DATA_94X_Run2017F-6262f2140f991ff178efe92b0cdfff9c/USER,94X_dataRun2_v11,TRUE,notSpecified,NONE,2017E
